title: EEG_recording1_, recorded: 17.10.18 11.21.25, timestamp started:2017-11-21T16:17:43.558438-08:00            , sampling:256, subject:, labels:COUNTER INTERPOLATED F3 FC5 AF3 F7 T7 P7 O1 O2 P8 T8 F8 AF4 FC6 F4 RAW_CQ GYROX GYROY MARKER MARKER_HARDWARE SYNC TIME_STAMP_s TIME_STAMP_ms CQ_AF3 CQ_F7 CQ_F3 CQ_FC5 CQ_T7 CQ_P7 CQ_O1 CQ_O2 CQ_P8 CQ_T8 CQ_FC6 CQ_F4 CQ_F8 CQ_AF4 CQ_CMS CQ_DRL, , chan:40, samples:5000, units:emotiv
205, 12, 3318.33333139, 458.71794066, 1972.43589265, 5237.30769440, 7067.69231367, 4986.02564256, 337.30768404, 3343.84615190, 6388.07692760, 3246.79486964, 7181.28205747, 4738.46153951, 739.10255667, 6615.64103065, 139, 16
3, 205, 6279.35897867, 6048.84615767, 5981.02564471, 4713.58974457, 2753.46153527, 5143.20513009, 6255.89744014, 3531.79487027, 1559.48717379, 7276.66667306, 2822.94871496, 1232.56409618, 749.99999257, 6314.74359413, 70, 164
194, 240, 6352.05128650, 2805.25640720, 5938.20513175, 2223.46153416, 5996.53846523, 7482.43590425, 3512.43589591, 1680.76922535, 6782.56410792, 3210.38461316, 7706.79487909, 6130.25641422, 1678.97435356, 4520.25641082, 188, 247
12, 242, 49.48717060, 7990.25641818, 6046.28205511, 6467.17949191, 1403.58973755, 2971.66666396, 3349.87179300, 3520.25640873, 2730.25640706, 1187.94871149, 6486.41026114, 6308.07692746, 2515.25640658, 5337.82051512, 50, 154
43, 218, 7475.38462220, 7408.20513488, 4917.30769370, 4685.25641116, 5219.87179696, 5746.79487500, 7565.00000702, 2731.79486860, 420.12819700, 6152.94872198, 4165.51282031, 2757.17948406, 3071.92307443, 643.46153082, 89, 247
174, 64, 2876.66666375, 163.33332465, 5860.25641367, 7714.35898173, 2388.97435502, 4320.25641040, 1414.61537864, 7694.61539192, 8149.10257238, 2406.28204739, 3648.07692183, 4885.25641158, 6960.89744167, 1374.61537850, 24, 193
61, 66, 7269.74359614, 8229.35898277, 1607.82050720, 4886.41025773, 1501.41025058, 2548.33332972, 6036.92308068, 5396.66666910, 7292.82051929, 5138.46154034, 4244.87179488, 7922.05128984, 247.30768383, 1767.05127677, 182, 121
15, 65, 900.89742881, 3715.89743479, 653.58973595, 3647.30769106, 1795.51281531, 6045.64102947, 3032.17948461, 4325.12820527, 3491.15384456, 376.41024821, 7681.53846884, 4401.79487215, 6782.56410792, 899.87178779, 152, 242
217, 236, 481.28204329, 4987.56410410, 4345.25641047, 2649.74358634, 7784.10257161, 7106.79487784, 7011.15385199, 6436.92308158, 2249.23076500, 2038.58973894, 7195.64103190, 7461.28205810, 7829.74359732, 2112.30768779, 144, 132
62, 235, 341.92306866, 726.66665924, 345.64101738, 4650.12820597, 2857.82050991, 2004.35896964, 4913.84615524, 7170.12821132, 3669.87179362, 3679.61538344, 769.23076187, 295.25640185, 4757.82051387, 4631.28205212, 217, 122
183, 217, 2373.71794476, 8087.94872608, 6370.38461991, 8308.71795734, 3397.56410076, 5317.82051512, 6866.02564659, 2510.25640658, 776.53845418, 3699.61538344, 4358.97435919, 3915.25640957, 2073.20512362, 7267.17949358, 210, 94
108, 112, 7406.79487847, 2825.12820214, 2639.87179147, 5773.97436217, 4626.53846231, 4956.02564256, 7996.66667459, 3663.33333209, 654.23076159, 1352.43589132, 1402.05127601, 5790.38461865, 4733.33333438, 3603.58974220, 96, 149
89, 134, 2924.10256133, 1419.10255813, 2120.51281600, 3583.33333195, 912.69230061, 1138.07691648, 4469.48717998, 119.87178612, 3145.12820277, 155.38460670, 2973.20512550, 3392.69230589, 2333.71794469, 5030.00000167, 110, 182
94, 222, 2250.12820089, 821.66665944, 1523.58973783, 5849.23077264, 1783.33332813, 3006.15384352, 2140.12820068, 1542.69230200, 3300.76922876, 6880.76923633, 4879.61538594, 4651.66666750, 5210.64102766, 4826.02564228, 146, 124
192, 240, 2082.56409798, 4914.61538601, 8394.74359850, 8389.87180363, 1881.92307192, 4406.92307727, 4203.33333327, 7468.97436579, 1130.12819853, 6285.89744021, 1008.71794184, 74.35896554, 2502.05127837, 5994.87179856, 142, 67
216, 177, 5761.41025961, 7855.51282816, 3494.74358815, 5830.64102898, 5126.02564291, 7173.33333952, 2494.61538094, 2786.41025329, 7355.64103225, 5015.89743750, 6645.38462046, 107.17947843, 2467.82050907, 1721.28204594, 178, 226
97, 52, 5601.79487465, 194.48717087, 5297.17948941, 1897.56409756, 6321.28205566, 5293.46154069, 1458.20512230, 2674.74358641, 1095.25640359, 7083.58974957, 2310.12820103, 8149.61539289, 2811.02563797, 1434.35896839, 60, 228
242, 162, 6990.64103141, 3975.51281996, 5555.38461817, 3222.69230554, 5895.25641373, 4652.43589827, 3732.43589633, 2950.38461261, 5603.71795157, 3773.33333229, 637.56409492, 2565.64102210, 3072.56410007, 3975.12820458, 136, 191
102, 222, 4576.66666737, 962.82050588, 8262.82052130, 2084.35896978, 596.53845383, 7128.58974971, 1970.76922598, 904.10255702, 6504.35897916, 3427.94871622, 6834.48718498, 5123.20513009, 860.51281336, 1288.20512196, 169, 67
170, 238, 4608.71794949, 2701.66666340, 1876.28204628, 2914.61538177, 3476.28204962, 5840.38461872, 7312.30769877, 1299.74358349, 4952.30769377, 3781.28205031, 193.07691446, 275.25640185, 5667.30769530, 6231.02564520, 36, 28
182, 73, 4647.17948802, 7019.23077507, 5985.12820881, 6870.64103120, 2863.84615093, 1354.10255799, 2007.56409784, 6834.61539011, 7991.79487972, 2204.48717518, 4016.92307644, 3657.82051157, 7145.25641638, 1229.61537823, 107, 239
180, 189, 4989.74359135, 2617.05127858, 417.30768418, 5663.20513120, 2692.30768905, 2042.05127740, 4846.92307818, 8110.25641846, 370.64101745, 1832.69230255, 3355.25640838, 7344.87180141, 1147.05127545, 7509.87180175, 31, 102
185, 245, 2377.43589348, 2186.92307255, 6986.79487757, 4230.25641019, 8283.97436753, 4450.12820555, 2962.17948447, 1478.58973776, 223.71794017, 6895.64103127, 1533.58973783, 4477.56410305, 2581.41025287, 6321.66667105, 166, 16
231, 107, 2200.12820082, 4028.84615336, 5185.12820708, 5744.61538782, 7657.56410979, 2412.69230380, 2906.79486895, 2061.92307227, 4858.07692440, 1323.84614767, 153.97435029, 7784.61539212, 5533.58974630, 2886.92307401, 125, 74
251, 8, 399.61537649, 849.10255688, 243.07691460, 6523.46154326, 6298.07692739, 7737.94872532, 4612.05128282, 1451.79486589, 3547.94871649, 8120.76923897, 2033.20512348, 652.94871031, 3092.94871552, 1147.43589084, 58, 177
237, 177, 6323.33333771, 2179.35896999, 2685.89743257, 7266.53846794, 762.94871059, 730.51281308, 2679.99999667, 4170.25641012, 207.17947864, 8200.64103398, 7338.71795525, 3983.71794817, 1428.58973762, 3483.71794712, 49, 126
169, 111, 454.35896630, 425.89742777, 267.17947878, 3518.84615232, 3909.99999931, 6092.43590133, 3786.28205031, 5774.48718269, 713.20512070, 2960.64102293, 3859.61538379, 5995.38461907, 4414.35897471, 4532.05128268, 241, 19
153, 2, 1444.48717358, 4568.58974429, 1939.35896950, 1335.76922459, 5736.66666980, 5999.10256779, 6395.12820965, 4762.43589855, 1111.92307026, 5141.15384803, 2877.69230478, 1116.79486520, 4870.89743722, 6113.07692704, 6, 194
72, 116, 4641.92307776, 5790.00000327, 6487.69231242, 6361.41026086, 3375.76922890, 2676.02563769, 1528.58973783, 4928.97436044, 2374.87179091, 5696.28205434, 8194.87180321, 3277.69230561, 6951.53846724, 122.05127330, 3, 208
33, 155, 6347.17949163, 2217.69230339, 8208.58975200, 592.05127434, 7612.05128914, 6655.00000508, 2006.15384143, 6937.17949288, 4811.92307811, 845.38460816, 7026.66667258, 2721.15384289, 285.64101724, 8335.89744452, 10, 202
233, 134, 4940.51282198, 4485.25641075, 6021.79487555, 7850.64103329, 5052.30769398, 4806.92307811, 282.56409416, 7675.38462262, 6484.10256883, 6978.20513398, 2444.35897054, 8211.41026482, 7210.51282677, 2002.56409784, 176, 212
138, 158, 2456.53845772, 3479.74358815, 1078.33332660, 6108.58974755, 8015.51282851, 5758.33333653, 24.61537566, 6870.64103120, 2841.53845855, 7286.92308339, 698.58973609, 6257.82051706, 8340.64103433, 4444.74359016, 209, 145
95, 38, 3427.82051109, 2210.64102134, 1621.15384060, 4552.30769294, 5847.82051623, 6488.84615858, 7867.82052047, 7388.20513488, 4015.38461490, 7333.71795525, 2222.69230339, 1666.28204580, 6232.17949135, 1855.76922570, 148, 148
201, 32, 7271.02564742, 3693.71794754, 2466.79486805, 8036.28205928, 7163.33333952, 7948.97436683, 6230.76923494, 3560.76922931, 7964.35898221, 4031.79487131, 7340.89744243, 3699.35897318, 7296.79487826, 1510.64101988, 122, 247
64, 44, 6421.66667126, 6400.12820972, 7369.87180148, 4325.51282066, 1459.10255820, 2400.89743201, 3576.79487034, 272.94870954, 282.94870954, 4253.84615385, 6748.58974887, 152.30768363, 6633.46154354, 1040.89742909, 96, 4
249, 190, 7180.00000619, 3668.07692183, 5380.00000237, 5648.58974658, 6190.76923487, 5168.33333528, 2706.66666340, 554.23076138, 7443.84616059, 1470.89742999, 6696.92308214, 5216.92307894, 2869.23076632, 6629.87179995, 133, 221
90, 160, 2427.69230380, 4190.64102551, 8175.64103398, 6497.30769704, 2799.48717643, 2513.07691940, 2853.07692009, 2650.76922737, 1521.66666090, 4013.46153798, 3242.56410041, 3101.53845911, 5501.53846418, 7496.41026329, 192, 45
101, 201, 278.71794031, 2328.71794462, 5582.17949003, 4124.23076896, 1743.58973831, 4504.35897492, 5793.33333660, 3883.71794796, 1447.17948128, 5102.05128386, 706.15383865, 4528.84615441, 4070.38461504, 584.35896658, 23, 195
68, 220, 2975.76922806, 7569.10257112, 7500.76923765, 7863.84616149, 3527.05128053, 1292.30768606, 6355.38461984, 8229.61539303, 4804.23077042, 4686.66666757, 7103.84615990, 8301.15385470, 7964.10257196, 8143.71795699, 173, 106
255, 150, 298.97435064, 7473.33334015, 7308.84616031, 2684.10256077, 3386.41025461, 5061.53846328, 3563.20512675, 2085.25640567, 1030.38460858, 4348.46153867, 4589.10256480, 1445.89742999, 4942.30769377, 3424.23076750, 249, 131
212, 36, 7878.71795643, 5285.89743812, 7145.25641638, 5025.38461706, 6902.82051845, 5510.12820777, 8393.20513696, 7694.74359704, 579.48717171, 7639.74359690, 1749.61537934, 6401.15385074, 1596.41025079, 4911.66666806, 61, 148
170, 195, 3942.43589681, 7078.07692906, 7108.07692913, 3133.46153610, 1295.76922452, 742.17947975, 7707.69231499, 4967.56410410, 1931.28204635, 1417.05127608, 3985.25640970, 3987.82051227, 3681.79487062, 2086.28204670, 182, 47
184, 79, 2353.20512418, 6859.48718505, 2641.28204788, 2466.28204753, 5926.41025996, 7243.97436530, 1536.28204552, 343.97435071, 4906.53846293, 3902.30769155, 1949.48717463, 5235.25641234, 3580.51281913, 1137.43589084, 27, 22
101, 60, 5176.28205323, 1048.20512140, 6812.82051824, 8352.17949587, 6332.05128643, 6006.79487555, 4211.41025634, 4533.20512883, 6864.35897992, 3330.25640831, 6542.17949205, 4514.87179543, 1620.51281496, 1326.66666049, 89, 248
119, 227, 6767.82051817, 6086.92308082, 3779.99999903, 5731.41025954, 5102.30769412, 6275.25641457, 2671.15384282, 2631.92307352, 1363.97435286, 4892.05128344, 6361.15385060, 1596.66666104, 261.28204281, 5766.15384935, 175, 15
241, 77, 5585.12820798, 7620.25641742, 542.05127420, 1624.10255855, 5393.33333577, 4292.82051289, 45.76922188, 6735.12821041, 6607.82051783, 7071.41026239, 3661.15384491, 5321.66666896, 5007.82051442, 1319.74358356, 53, 213
142, 2, 6124.48718345, 7630.76923793, 2346.28204726, 321.02563269, 8180.64103398, 7892.69231541, 6979.48718526, 6112.56410653, 1525.12819936, 17.94870899, 6794.10256953, 4534.23076986, 7170.64103183, 3241.79486964, 234, 176
102, 151, 5487.17948982, 6226.66667084, 2207.05127775, 8259.87180335, 55.12819624, 5207.94871997, 2533.58973998, 99.35896561, 7053.33333924, 3308.33333132, 3087.94871552, 5670.38461838, 611.15383844, 5757.17949038, 130, 42
142, 154, 7562.82051984, 1234.23076284, 2592.94871448, 3633.84615253, 305.51281218, 2657.69230429, 3887.30769155, 4539.61538524, 336.41024815, 4489.87179536, 610.25640255, 7439.23077597, 3917.17948649, 2581.41025287, 77, 29
227, 196, 7361.92308353, 268.97435057, 3426.92307519, 6811.66667209, 6237.30769655, 5627.94872087, 6386.66667119, 2420.76922688, 400.64101751, 3267.43589536, 4865.64102697, 3385.25640845, 4168.97435884, 4052.82051241, 86, 53
148, 205, 243.20511973, 4206.28205122, 4378.84615413, 6803.71795414, 4863.84615517, 3086.41025398, 1591.79486617, 5575.25641304, 4139.87179467, 5506.66666931, 139.61537593, 7767.05128949, 1291.66666042, 5207.17948920, 108, 115
62, 238, 7493.33334022, 3783.33333236, 4779.61538573, 8300.25641881, 2991.02563839, 849.61537739, 1534.87178911, 2248.33332910, 334.35896609, 5010.64102724, 6378.46154298, 2065.12820048, 8042.82052088, 7709.74359704, 98, 171
161, 123, 3207.43589522, 6024.48718324, 4037.43589702, 6003.46154215, 6064.10256793, 6120.00000396, 4284.23076930, 4261.53846154, 1781.66666146, 6455.00000466, 4767.43589855, 7490.51282740, 6911.79487743, 1110.89742923, 15, 126
87, 232, 1402.05127601, 1093.71794205, 8374.23077799, 51.92306803, 3801.53846057, 3408.07692127, 5911.92308047, 5983.58974728, 4989.23077083, 5616.02564395, 962.17948023, 3229.74358759, 8193.07693142, 4512.94871851, 60, 67
134, 32, 1247.17948086, 6609.74359475, 6426.92308151, 6582.17949212, 4549.87179550, 1804.87178966, 793.46153117, 729.23076180, 4505.76923133, 6982.17949295, 252.43588896, 8002.17949510, 4517.17948774, 1018.07691627, 232, 252
13, 100, 456.41024835, 2694.10256084, 5322.56410486, 5256.28205344, 3121.02563867, 6956.53846724, 4078.33333299, 6275.38461970, 4596.79487256, 5913.71795227, 7000.25641610, 7252.17949351, 2689.99999667, 7564.61539164, 15, 245
134, 194, 2157.05127761, 7013.33333917, 6462.56410722, 1328.20512202, 2722.17948392, 4022.56410208, 7971.92308478, 2693.33333007, 143.84614516, 2153.71794427, 4240.51282052, 5578.71795150, 6461.92308158, 4608.46153923, 11, 143
143, 146, 2169.87179050, 3627.30769099, 1107.30768564, 406.66665854, 6663.20513335, 1019.61537781, 5279.48718165, 7072.69231367, 7124.10257022, 2371.15384220, 8182.43590578, 7307.17949365, 4484.35897485, 5308.46154069, 218, 117
209, 110, 1786.41025120, 8067.56411063, 4597.17948795, 5940.25641380, 5602.69231055, 6108.07692704, 630.12819749, 4597.69230846, 6875.38462095, 7086.41026239, 6909.35897999, 594.48717178, 2876.53845862, 1926.15384122, 134, 243
141, 213, 3654.48717824, 900.64101856, 4123.33333306, 5887.05128553, 4814.10256529, 5446.66666917, 4913.20512960, 1220.38460900, 301.66665833, 4692.30769321, 1561.92307123, 4220.12820506, 8275.12821368, 856.79486464, 190, 107
1, 104, 2712.69230443, 4598.07692385, 6385.12820965, 319.74358141, 2670.76922744, 6123.58974755, 5157.56410451, 6128.71795268, 5668.33333633, 7705.25641756, 2498.71794504, 887.05127497, 3317.30769037, 83.71793990, 244, 47
120, 15, 323.07691474, 686.41024884, 3195.51281829, 1638.46153291, 1936.66666181, 4343.71794893, 6443.20513286, 5513.20513085, 2953.58974081, 1498.20512237, 4792.56410375, 1802.82050761, 1285.51281426, 8320.00000862, 93, 175
35, 146, 6570.12821007, 902.05127497, 3952.69230707, 579.23076145, 1825.76922563, 3079.99999750, 1041.02563422, 4856.28205254, 6317.17949156, 768.58973623, 2807.69230464, 2743.58974040, 2598.46153499, 821.28204406, 121, 137
148, 25, 4958.33333487, 1825.38461025, 7329.10257064, 1428.71794275, 3074.87179237, 1216.92307053, 6846.66667216, 2775.76922765, 7749.48718693, 587.30768453, 746.02563359, 644.74358210, 1058.33332660, 1372.94871184, 30, 74
116, 62, 3992.82051227, 2235.38461115, 2580.25640672, 123.97435022, 3029.61538205, 696.66665917, 2606.53845807, 2971.66666396, 3234.87179272, 3877.30769155, 5926.28205483, 1507.69230186, 615.89742819, 6382.05128657, 137, 243
163, 30, 4815.76923195, 5104.48718130, 1270.38460907, 2641.92307352, 7216.92308318, 7287.56410903, 6779.48718484, 1896.53845654, 7179.10257029, 1070.89742916, 4693.84615482, 5767.43590064, 1727.56409722, 5680.89743896, 186, 223
176, 108, 6802.43590286, 3182.94871566, 6600.12821014, 954.23076229, 6042.94872177, 3778.20512724, 1684.23076381, 3166.15384386, 4632.05128289, 5003.07692468, 3681.79487062, 2832.82050984, 1040.38460858, 3798.20512724, 126, 204
143, 94, 2213.07691877, 5565.00000278, 2908.07692023, 2625.76922737, 6466.53846627, 8315.64103426, 5527.43590015, 4555.89743653, 5836.79487513, 500.51281260, 1630.89743034, 1376.02563491, 8106.79488000, 6836.15385165, 238, 165
204, 146, 7901.79487951, 5237.30769440, 5314.23077146, 7312.82051929, 7919.48718727, 3096.79486937, 1129.10255751, 2914.99999715, 2062.17948253, 5144.10256598, 3396.66666486, 1659.23076375, 4024.87179439, 2185.51281614, 174, 186
22, 227, 470.25640227, 2109.10255959, 4190.12820499, 2193.07691870, 6664.74359489, 6448.07692774, 3036.53845897, 2617.43589397, 1187.82050636, 1486.53845571, 6381.92308144, 2195.12820075, 7296.79487826, 7624.74359690, 29, 86
180, 89, 3821.02564013, 4303.07692322, 1949.35896950, 4890.25641165, 7377.43590404, 7949.48718734, 8201.79488014, 2692.17948392, 3007.43589480, 1655.89743041, 5013.07692468, 1337.17948100, 6764.87180023, 4419.87179522, 12, 27
52, 21, 7138.07692920, 5286.66666889, 6212.82051699, 5118.20513002, 1084.87178820, 1783.20512300, 4563.46153916, 2025.12820041, 7917.05128984, 1756.53845626, 7677.94872518, 288.20511980, 5272.05128421, 4208.07692301, 98, 205
23, 219, 475.76922278, 7149.87180099, 903.33332625, 6983.71795449, 2922.56409979, 5313.58974582, 4038.97435856, 2625.38461191, 4637.69230853, 7044.23077514, 7682.30769961, 8366.66667536, 4674.23077014, 7461.92308374, 89, 40
207, 81, 1434.61537864, 6814.10256953, 3405.76922897, 1764.48717421, 411.79486367, 1706.79486645, 6165.38461942, 2959.48717678, 6185.64102974, 6064.10256793, 8306.79488042, 7333.07692961, 3260.51281843, 2918.58974074, 75, 88
64, 59, 7164.48718568, 655.12819749, 2138.84614940, 4680.51282142, 2193.97435460, 4322.56410271, 3818.33333243, 6751.02564631, 4858.58974491, 3340.64102370, 2722.69230443, 532.82050497, 6584.23077417, 1816.28204614, 131, 207
24, 242, 2702.30768905, 803.71794143, 3271.66666459, 3133.84615149, 5618.46154138, 2873.71794580, 942.05127504, 458.20512015, 6422.05128664, 6946.92308262, 40.38460649, 4247.94871795, 2544.74358613, 1538.71794295, 41, 209
156, 36, 3880.25640950, 7624.48718665, 682.30768474, 6546.66667153, 561.28204350, 2440.38461157, 1008.71794184, 1578.84614822, 4512.56410312, 2278.71794455, 5686.41025947, 5598.58974644, 3168.33333104, 6028.33333709, 209, 249
247, 135, 3448.33333167, 453.84614579, 7330.38462192, 608.33332562, 4411.92307727, 1389.87178883, 267.94870954, 2288.46153430, 5413.97436141, 3795.64102467, 3235.12820298, 4895.64102703, 2404.23076534, 6910.64103127, 213, 7
103, 244, 8081.41026454, 7697.56410986, 7123.97436509, 8088.20513634, 4609.61538538, 5893.46154194, 1188.84614739, 3859.48717866, 5496.02564367, 5002.43589904, 4599.87179564, 4253.33333334, 4282.56410264, 8109.48718769, 117, 162
199, 189, 7815.76923835, 7755.25641770, 5898.58974707, 8224.23077764, 786.92306956, 7664.61539185, 5496.28205393, 3355.25640838, 3423.33333160, 1914.74358481, 5941.66667028, 7794.23077674, 6040.51282434, 3660.76922952, 175, 95
125, 250, 6721.92308214, 626.41024877, 8.33332437, 4216.79487173, 3675.89743472, 748.97435154, 6019.48718324, 5074.87179661, 1275.51281419, 6173.20513231, 1606.02563540, 7705.25641756, 7525.00000695, 4837.56410382, 20, 187
23, 226, 6345.64103009, 5821.53846488, 4123.58974332, 6453.97436363, 5555.76923355, 1202.05127559, 6688.33333848, 5804.35897763, 7467.17949399, 7604.61539171, 3292.56410055, 1256.53845522, 3095.64102321, 2143.71794427, 240, 184
106, 206, 5846.28205469, 6592.82051776, 937.17948017, 5220.12820722, 5657.69231068, 1000.38460851, 6087.82051672, 2619.74358627, 5227.94872004, 4450.12820555, 2644.74358634, 5103.46154027, 4773.20512932, 2259.61538038, 177, 89
208, 249, 3298.97435696, 276.66665826, 2168.71794434, 3071.79486930, 6695.00000515, 5203.20513022, 5347.69230999, 3851.53846071, 6963.07692885, 7486.66667355, 2219.74358544, 2510.89743222, 5798.20513147, 6575.38462032, 62, 2
229, 131, 2842.43589445, 4724.74359072, 7060.89744188, 1825.51281537, 3126.92307456, 4051.66666625, 7063.07692906, 1917.05127712, 8090.12821326, 330.89742763, 3944.48717887, 2607.05127858, 967.69230075, 1954.87179001, 174, 55
234, 5, 5832.17949052, 4734.10256515, 3406.02563922, 4446.53846196, 4984.87179640, 7942.82052068, 6289.61538893, 7641.66667383, 8249.74359822, 5189.23077125, 5906.41025989, 8290.12821368, 4726.66666771, 806.79486450, 100, 79
153, 178, 2817.56409951, 1943.58973873, 1624.99999444, 7352.56410917, 1797.30768710, 6954.48718519, 4810.12820631, 7034.23077514, 5102.05128386, 1056.92307019, 6659.74359482, 4160.51282031, 3238.07692093, 3797.56410160, 4, 33
235, 62, 842.30768508, 7366.92308353, 2601.92307345, 4219.74358968, 5248.97436106, 8080.12821326, 7206.02564728, 2237.94871371, 121.66665792, 1092.30768564, 4691.53846245, 3213.58974137, 3588.33333195, 4381.41025669, 173, 12
67, 193, 3323.07692114, 8232.94872636, 6191.53846564, 7923.46154625, 2179.48717511, 694.23076173, 8149.23077750, 2655.25640686, 216.92306838, 1246.92307053, 6292.43590175, 4104.23076896, 1736.28204594, 301.15383782, 14, 85
13, 157, 2708.07691981, 4048.46153805, 8192.05129039, 2235.64102141, 5376.41025878, 5567.69231048, 2872.05127914, 4924.87179633, 877.94871080, 2050.51281586, 5344.61538691, 7889.48718720, 5420.64102815, 6227.05128622, 131, 84
197, 228, 3124.87179251, 7407.17949385, 4528.71794928, 1220.51281412, 7457.82051963, 6003.58974728, 3727.69230658, 7107.30769836, 3673.07692183, 3528.33333181, 7677.30769954, 3940.76923015, 6027.82051658, 4218.71794865, 31, 185
210, 107, 3112.94871552, 6646.66667174, 1172.94871142, 893.20512112, 3211.02563881, 1403.71794268, 7730.51282788, 7674.61539185, 3397.69230589, 1862.69230262, 7731.15385352, 4561.28205191, 5893.07692656, 4442.05128247, 28, 170
55, 217, 5901.41025989, 6769.23077459, 279.74358134, 3242.05127990, 4959.48718102, 6243.33333758, 2497.56409889, 2443.33332952, 1070.76922403, 6047.56410639, 1530.12819936, 5048.33333500, 343.97435071, 2291.15384199, 170, 148
210, 234, 1320.25640408, 8324.23077785, 3506.53845994, 7504.48718637, 7700.89744320, 457.56409451, 6513.33333813, 1640.12819957, 1003.07691620, 7855.76923842, 1856.41025134, 3121.02563867, 1699.87178946, 6921.28205691, 197, 232
67, 105, 3327.94871601, 3276.53845946, 1509.61537878, 6058.58974742, 7243.46154479, 5910.00000355, 6477.69231242, 1609.48717393, 640.12819749, 8025.00000799, 569.87178709, 3735.25640915, 7671.53846877, 5556.02564381, 254, 146
254, 112, 7028.46154437, 8174.61539296, 4715.76923175, 3163.33333104, 568.07691530, 8003.46154639, 3953.97435835, 6569.35897930, 1132.94871135, 6568.97436391, 1494.10255827, 336.41024815, 5706.15384922, 3032.94871538, 20, 49
145, 143, 4023.20512772, 5816.53846488, 4052.56410215, 204.74358120, 1527.82050706, 6018.58974735, 5797.30769558, 8192.30770065, 2928.97435620, 3999.48717894, 2425.12820124, 6091.92308082, 3481.79487020, 4665.00000091, 246, 149
160, 152, 4045.51282010, 7663.46154569, 4296.92307700, 5190.76923279, 8071.28205935, 2178.46153409, 4658.07692391, 1482.69230186, 2059.35896971, 3725.89743479, 4718.20512918, 1237.82050643, 5436.79487430, 2988.33333070, 122, 154
97, 247, 1869.48717442, 1736.92307158, 764.10255674, 6160.12820916, 1242.69230130, 3452.82051116, 5402.05128449, 5950.00000362, 638.58973595, 5498.20513085, 1968.71794386, 2958.58974088, 5655.38461838, 6045.00000383, 135, 128
61, 3, 260.64101717, 598.84614614, 6004.10256779, 2605.38461191, 793.71794143, 7915.38462317, 1844.74358467, 2705.76922751, 7505.51282740, 2729.10256091, 7067.17949316, 2426.92307304, 5193.20513022, 5547.17948996, 3, 234
242, 143, 1114.61537795, 4668.84615475, 1103.33332667, 640.89742826, 4403.20512856, 3267.56410048, 7953.97436683, 1149.48717296, 3527.43589591, 7948.20513606, 4508.84615441, 360.89742763, 6226.02564520, 6236.79487604, 28, 152
220, 3, 2285.12820096, 4882.56410389, 1853.97435391, 7917.56411035, 3407.17948538, 7421.79487854, 7053.71795463, 7407.94872462, 2118.71794421, 212.94870941, 1738.97435363, 1645.76922528, 6013.20513196, 6760.51282580, 39, 33
86, 14, 7078.97436495, 1597.05127643, 8259.48718797, 2965.12820242, 1047.56409576, 120.38460663, 2950.89743312, 3561.66666521, 7262.17949358, 607.43588973, 954.48717254, 6831.53846703, 2474.74358600, 5394.74359218, 13, 55
188, 133, 7588.46154555, 5318.97436127, 4051.92307651, 641.15383851, 7824.35898194, 6064.35897818, 4864.10256543, 7277.56410896, 7085.76923675, 699.87178737, 1225.25640387, 5238.33333542, 3956.79487117, 1999.48717470, 111, 160
170, 138, 7061.41026239, 8313.71795734, 4325.25641040, 4103.07692280, 2023.46153374, 523.20512029, 8270.51282899, 5565.25641304, 3369.48717761, 1185.12819867, 6979.48718526, 2937.05127928, 5081.41025815, 7849.87180252, 73, 222
181, 21, 8085.12821326, 1081.79486506, 6149.74359378, 1946.02563617, 2513.84615017, 914.35896728, 3718.71794761, 2616.66666320, 5324.74359204, 886.53845445, 5466.66666924, 8346.53847023, 5687.56410563, 7130.76923689, 166, 35
15, 59, 6166.79487583, 1717.05127670, 7823.46154604, 5077.30769405, 4519.23076979, 4918.07692447, 5162.69230964, 6824.87180030, 2915.38461254, 7890.38462310, 2128.46153395, 8336.79488048, 766.66665930, 6412.17949177, 48, 23
94, 209, 3206.66666445, 7060.64103162, 6620.89744090, 4415.89743625, 4513.71794928, 4909.87179627, 4131.15384588, 6472.17949191, 3690.38461421, 6644.35897944, 1255.12819881, 6324.74359413, 5962.05128567, 7842.30769989, 208, 254
204, 138, 2847.82050984, 4260.89743590, 5705.76923383, 3893.20512744, 6982.05128782, 2565.51281697, 2531.53845793, 3774.10256306, 7071.41026239, 3456.15384449, 2932.17948440, 7567.43590446, 1182.30768585, 6706.15385137, 32, 105
152, 37, 6859.10256960, 3190.76922855, 4481.28205177, 6136.28205525, 5361.66666903, 8353.58975228, 2085.38461080, 4670.76923168, 2184.23076486, 5200.64102766, 1231.92307053, 5238.46154055, 1120.64101904, 128.20511945, 136, 161
79, 180, 1527.30768654, 5819.74359308, 6059.48718331, 6418.97436356, 692.30768481, 1043.84614704, 4735.89743694, 3786.66666570, 4028.20512772, 8102.17949531, 4728.71794976, 7411.15385283, 1778.33332813, 2190.38461101, 244, 130
25, 7, 1059.74358301, 7029.61539053, 1495.51281468, 7015.38462123, 6692.17949233, 7785.38462289, 4759.61538573, 3299.48717748, 738.97435154, 4043.07692266, 3707.82051164, 3653.97435773, 3048.84615128, 7152.30769843, 130, 51
115, 66, 1709.48717414, 8390.25641902, 5351.41025878, 4949.61538608, 5772.94872115, 4987.05128358, 1340.25640408, 3685.76922959, 4270.12820520, 5454.35897693, 4415.38461574, 4207.05128199, 151.41024773, 1449.87178897, 249, 188
21, 109, 741.53845411, 3570.12820367, 5986.66667035, 838.58973637, 1855.38461032, 2308.84614975, 3133.33333097, 8243.97436746, 2817.82050977, 6356.79487625, 3575.64102419, 2003.46153374, 3741.53846050, 1702.30768689, 144, 240
198, 168, 1410.76922473, 8091.15385429, 5585.25641311, 6009.10256786, 3911.28205059, 859.10255695, 6340.64103009, 3951.79487117, 6621.53846655, 1182.69230123, 8353.71795741, 7433.20513495, 1984.10255931, 2672.17948385, 216, 59
83, 113, 2475.64102189, 512.43588952, 7528.84616080, 7732.43590481, 2606.53845807, 5875.51282399, 846.53845432, 370.38460719, 1626.53845598, 5474.61538719, 6701.41026163, 2612.30768884, 6379.48718401, 2333.46153444, 223, 154
253, 15, 3972.30769176, 5075.38461713, 3849.48717866, 1827.69230255, 3725.51281940, 3218.33333118, 5723.46154159, 7887.56411028, 2967.56409986, 7463.84616066, 2009.48717477, 4300.38461553, 3335.89743396, 5602.17949003, 152, 52
116, 56, 1044.35896755, 6121.79487576, 334.10255584, 1825.25640512, 4950.38461685, 5271.28205344, 1861.02563596, 5373.58974596, 6588.97436391, 921.02563401, 129.35896561, 5907.05128553, 4538.84615448, 114.23076048, 238, 206
201, 196, 7911.92308471, 812.17947989, 7622.17949434, 1441.15384018, 4299.10256418, 714.35896686, 3629.87179356, 7116.92308297, 2294.23076507, 5557.82051560, 2522.17948350, 853.84614669, 3869.99999917, 7840.76923835, 191, 252
105, 72, 6540.76923564, 299.61537628, 6858.97436447, 4588.84615454, 5912.17949073, 1623.07691752, 2923.97435620, 5401.02564346, 4332.69230790, 823.46153124, 4024.99999952, 6493.58974832, 4391.41025669, 4075.89743555, 170, 181
26, 156, 5313.46154069, 6621.41026142, 2861.66666375, 2844.35897137, 7191.41026267, 4225.25641019, 1931.41025148, 3759.35897332, 1092.94871128, 1566.66666097, 720.51281301, 5776.02564423, 7593.84616094, 4456.66666709, 157, 10
164, 88, 3066.66666417, 5981.28205497, 5319.48718178, 5715.51282364, 3049.10256154, 912.69230061, 419.10255598, 1789.87178966, 6549.35897923, 4595.51282128, 3682.56410139, 5013.71795032, 5099.48718130, 5372.69231006, 73, 87
228, 29, 7201.66667292, 96.79486297, 8387.69231645, 5582.82051567, 2489.99999625, 4745.38461643, 6650.89744097, 3112.43589501, 8159.87180314, 3928.84615316, 6084.61538851, 4504.23076979, 2709.87179161, 530.38460754, 129, 87
242, 221, 8350.64103433, 3998.20512765, 1529.74358398, 7506.92308381, 4683.97435988, 3610.25640894, 5440.76923327, 870.12819797, 5275.76923293, 812.30768502, 6011.53846529, 7438.97436572, 3649.35897311, 8242.05129053, 122, 182
58, 138, 339.74358148, 7119.74359579, 1594.35896873, 4250.38461539, 2901.92307408, 3380.89743409, 6703.07692829, 1180.76922424, 5283.84615600, 1397.94871191, 3245.76922862, 6412.82051741, 5188.46154048, 3682.56410139, 181, 162
240, 47, 3366.02563915, 4987.69230922, 2394.35897040, 182.17947857, 3740.89743479, 3130.89743354, 6661.79487687, 2513.33332965, 5853.07692649, 2801.28204823, 4927.94871941, 7524.23077618, 2394.23076527, 4089.48717914, 75, 179
35, 93, 1797.82050761, 441.66665861, 3166.02563874, 6094.87179877, 337.69229943, 5282.94872011, 2182.94871357, 3806.28205031, 1658.97435349, 1933.46153353, 91.41024759, 1938.07691822, 5753.71795192, 6632.30769738, 47, 107
90, 14, 2539.10256049, 6681.15385130, 5352.05128442, 7876.28205893, 4497.43589800, 683.46153089, 6365.51282496, 8126.41026461, 8131.02564923, 5929.61538816, 2342.30768828, 4033.71794824, 7992.17949510, 3185.38461316, 171, 227
174, 30, 7910.51282830, 3384.23076743, 843.33332611, 1257.69230137, 477.17947919, 1573.20512251, 4584.87179557, 5461.15384873, 5850.00000341, 7964.87180273, 281.28204288, 1417.56409659, 3492.82051123, 6279.61538893, 79, 27
187, 96, 4687.17948809, 3800.76922980, 46.41024752, 8077.30770044, 3986.41025586, 7251.41026274, 2501.28204760, 393.97435085, 2248.58973935, 667.05127448, 6085.64102954, 7523.71795567, 6581.66667160, 3072.17948468, 121, 230
79, 24, 1330.38460920, 2387.69230374, 2011.02563630, 3640.51281920, 3697.43589626, 8051.79487986, 3403.07692127, 264.61537621, 3747.43589640, 8356.53847023, 1613.84614829, 7553.46154548, 7799.48718700, 3198.20512599, 170, 26
82, 95, 5827.43590078, 5338.20513050, 6.41024745, 2518.33332965, 1799.35896915, 4361.66666688, 3901.66666591, 654.74358210, 4205.64102558, 7901.92308464, 4.87178591, 7777.17949462, 1201.15383970, 46.28204239, 8, 222
8, 169, 1348.07691697, 5908.46154201, 1063.58973685, 6125.00000396, 1576.28204566, 8022.17949517, 4990.76923237, 2239.48717525, 4038.58974318, 4003.46153791, 6141.15385019, 915.76922369, 6871.66667223, 1733.71794337, 197, 199
35, 197, 5641.15384908, 2376.41025245, 7342.30769884, 4663.20512911, 3611.66666535, 3632.05128073, 919.74358273, 54.23076034, 6245.64102988, 1563.97435328, 3650.51281927, 7864.61539226, 3739.61538351, 3465.89743423, 118, 94
41, 142, 864.87178772, 1303.58973734, 1275.38460907, 7483.46154534, 8202.56411091, 538.71794087, 2244.74358551, 2030.38461066, 737.56409513, 7543.71795567, 7892.69231541, 1448.84614794, 7714.10257147, 5916.66667021, 18, 105
242, 93, 3567.05128060, 6207.69231187, 4599.10256487, 3247.69230554, 1017.56409576, 7843.58975117, 357.43588917, 4623.20512897, 5659.23077222, 2831.41025343, 3609.23076784, 372.69229950, 389.10255591, 5823.33333667, 116, 33
111, 207, 5563.33333612, 7612.17949427, 5977.82051651, 2375.64102168, 3543.20512668, 6285.51282482, 5293.84615607, 194.87178626, 3858.20512738, 4986.41025794, 7993.84616177, 4237.30769231, 5634.61538754, 8069.61539268, 122, 97
214, 8, 5326.66666896, 3040.64102307, 2893.07692023, 889.10255702, 4860.25641158, 274.87178647, 3412.43589563, 2215.12820082, 7512.05128893, 3857.69230686, 2867.82050991, 1005.76922389, 6697.17949239, 69.48717067, 147, 199
47, 57, 2906.66666382, 5555.00000278, 995.25640338, 5095.25641207, 2665.64102231, 1453.20512230, 4178.58974345, 4751.53846258, 544.48717164, 614.61537691, 3850.25640943, 3590.76922938, 7320.25641679, 5283.97436113, 81, 75
109, 246, 3157.82051053, 8069.87180294, 1783.97435377, 2335.64102161, 8325.51282913, 1256.66666035, 7814.61539219, 8225.00000841, 1071.28204455, 1153.46153193, 2416.79486791, 6405.25641485, 44.99999111, 982.30768536, 172, 28
31, 11, 2103.20512369, 3556.79487034, 4767.69230881, 7087.43590342, 4088.58974325, 7976.41026434, 7645.38462255, 5237.30769440, 3682.94871677, 7427.69231444, 6684.10256925, 3435.76922904, 3692.17948600, 4372.43589772, 134, 139
83, 39, 5035.76923244, 2686.02563769, 1836.66666153, 7468.46154528, 5358.97436134, 2690.76922744, 5390.12820756, 5549.74359253, 3912.69230700, 7001.53846738, 3464.74358808, 586.53845376, 6251.53846578, 7075.64103162, 220, 50
158, 14, 5566.28205407, 7940.38462317, 5313.20513043, 1747.17948190, 2802.05127900, 4194.35897422, 7828.46154604, 2861.53845862, 8092.30770044, 7591.02564812, 1561.41025072, 7132.05128817, 2072.69230311, 2535.64102203, 226, 165
30, 33, 6744.87180016, 6538.07692794, 5175.76923272, 3534.48717796, 255.64101717, 6987.43590321, 663.71794115, 378.20512001, 6107.05128602, 6588.07692801, 8025.38462338, 6275.76923508, 6915.89744153, 5695.25641332, 218, 60
18, 63, 6779.48718484, 7731.66667404, 4964.10256564, 5107.94871976, 4527.30769287, 7036.28205719, 7950.64103350, 689.35896686, 7359.23077584, 6022.30769606, 1739.61537934, 4923.71795018, 7129.61539073, 8131.15385436, 194, 242
115, 74, 1297.82050657, 993.71794184, 1899.23076423, 4077.05128171, 3577.43589605, 7562.82051984, 1925.64102071, 6924.10256973, 5161.66666862, 3429.35897263, 1939.35896950, 2897.56409972, 1751.66666139, 5231.92307901, 71, 241
30, 150, 1998.71794393, 7256.66667306, 207.82050428, 2366.53845758, 7372.30769891, 2161.92307248, 242.82050435, 3441.41025468, 5914.48718303, 6873.71795428, 1407.69230165, 854.23076208, 6928.33333904, 2474.48717574, 206, 1
224, 161, 1621.28204573, 3827.69230679, 401.28204316, 6941.41026211, 7232.05128838, 186.15383754, 1850.25640519, 4147.82051262, 2728.71794553, 3393.33333153, 960.12819818, 1095.76922410, 7384.10257071, 3228.71794657, 205, 34
102, 56, 5107.82051463, 5891.15384963, 8221.28205969, 8033.58975158, 3727.94871684, 134.10255542, 7996.92308485, 2648.07691968, 3637.94871663, 7751.53846898, 7380.12821173, 815.25640296, 7810.89744341, 4499.74359030, 135, 70
159, 149, 1373.71794261, 1365.89742979, 5972.69231131, 1038.33332653, 2188.58973922, 3647.17948593, 5221.79487388, 5246.92307901, 811.66665937, 4206.66666660, 1997.56409777, 4493.20512870, 4278.33333341, 3797.69230672, 179, 180
246, 164, 6931.28205698, 6800.76923619, 1553.97435328, 7974.23077709, 7590.38462248, 4344.10256431, 8319.23077785, 7065.25641624, 6743.46154375, 2112.82050831, 321.92306859, 7934.48718727, 5504.10256675, 1558.97435328, 140, 10
28, 38, 7770.12821257, 880.64101849, 6855.00000549, 7947.17949504, 1379.61537857, 446.79486374, 5794.61538789, 4158.97435877, 5464.10256668, 6563.07692794, 109.10255535, 4251.53846154, 369.35896616, 349.48717122, 174, 6
236, 68, 7519.23077618, 679.35896679, 1142.94871135, 5752.05128525, 959.10255716, 296.79486346, 1700.76922535, 7550.38462241, 4289.23076930, 876.92306977, 7423.46154521, 3339.61538267, 525.38460754, 6385.51282503, 209, 108
119, 206, 2681.92307359, 6840.25641575, 2900.64102280, 3886.92307616, 5199.61538663, 2206.92307262, 7149.10257022, 5088.84615566, 2867.05127914, 518.58973567, 4843.84615510, 5715.76923390, 1704.74358433, 8335.51282913, 144, 38
50, 157, 1428.71794275, 3984.48717894, 1077.94871121, 7573.20513523, 7105.38462143, 1318.33332715, 361.53845334, 7856.15385380, 7058.97436495, 4535.25641089, 2852.69230471, 4791.66666778, 4875.38461671, 4482.94871844, 17, 206
72, 125, 1670.64102016, 8121.15385436, 1667.69230221, 5324.87179717, 2078.97435439, 885.76922362, 4261.92307693, 5782.30769558, 206.41024787, 6340.51282496, 3776.02564006, 3284.10256209, 6459.87179953, 940.12819811, 92, 20
170, 121, 1656.53845605, 8216.15385457, 1686.79486638, 1498.58973776, 5711.02564416, 3733.58974248, 5862.94872136, 5328.33333563, 6658.97436405, 97.05127323, 2253.20512397, 5819.61538795, 3675.25640901, 7891.02564874, 15, 38
77, 12, 121.92306817, 4863.84615517, 5786.02564430, 5005.89743750, 3765.51281947, 7093.71795477, 3461.41025475, 3736.53846043, 2121.15384164, 6876.28205684, 1582.43589181, 5975.12820881, 7399.87180155, 7006.41026225, 6, 24
149, 169, 5541.02564374, 8214.74359816, 3551.92307547, 7801.53846905, 7190.89744216, 6377.82051734, 2537.17948357, 5774.87179807, 6692.05128720, 3729.10256299, 5556.79487458, 6478.46154319, 2678.97435564, 3735.38461428, 224, 177
241, 57, 7885.64103336, 4613.33333410, 967.69230075, 1176.02563450, 8100.12821326, 7263.97436537, 4200.38461525, 2641.28204788, 6250.51282476, 2598.58974012, 5458.58974616, 52.30768342, 7663.07693031, 5150.51282239, 89, 43
225, 38, 7530.89744285, 3654.99999875, 4303.97435912, 3708.07692190, 8122.94872615, 607.82050511, 2467.43589369, 7914.10257189, 7557.43590446, 5042.69230936, 5545.89743861, 204.87178633, 5017.82051442, 2001.66666188, 7, 53
172, 0, 3522.94871642, 8272.69231624, 7743.84616122, 3559.74358829, 92.69229887, 3688.07692190, 6217.30769648, 6793.07692843, 4414.61538497, 1262.94871163, 6059.87179870, 5752.17949038, 2083.07691849, 6634.74359482, 33, 151
131, 184, 3502.17948559, 1595.12819950, 2434.35897054, 5090.51282232, 5049.48718116, 1683.71794330, 7417.30769898, 146.02563234, 6960.25641603, 3851.15384532, 1182.69230123, 1873.46153346, 1220.38460900, 2729.61538142, 248, 226
30, 243, 4594.87179564, 5976.15384984, 3356.02563915, 4608.84615461, 575.38460761, 2626.41025301, 99.99999125, 6235.76923494, 1585.89743027, 4344.74358996, 1577.94871232, 2611.92307345, 6485.51282524, 838.97435175, 226, 52
165, 204, 7619.48718665, 1413.07691710, 7417.30769898, 5377.69231006, 4695.89743687, 604.48717178, 5202.30769433, 5747.56410576, 2556.66666306, 2646.92307352, 5909.35897791, 7073.58974957, 283.58973519, 1476.15384025, 50, 146
235, 167, 774.87178751, 6330.64103002, 4803.20512939, 2958.20512550, 4025.89743541, 3389.87179307, 6856.02564652, 84.99999118, 1661.92307144, 2246.66666243, 3508.84615225, 1469.48717358, 8385.89744466, 1742.56409729, 82, 121
17, 36, 6184.61538872, 2925.51281774, 782.05127469, 7538.84616080, 3269.61538253, 2109.35896985, 4596.92307769, 1410.25640421, 6612.69231270, 6383.46154298, 4837.82051408, 5099.74359155, 5648.46154145, 6125.25641422, 22, 251
23, 124, 3763.46153742, 5342.56410486, 3002.43589480, 486.15383817, 597.82050511, 6528.20513300, 8368.07693177, 380.12819693, 2538.07691947, 3311.92307491, 356.28204302, 1844.10255903, 3794.87179390, 270.51281211, 82, 246
75, 244, 5975.51282420, 6468.33333806, 3815.76922987, 6927.56410827, 8057.69231576, 382.94870975, 8233.46154687, 7952.82052068, 583.71794094, 4298.20512828, 6022.69231145, 4819.74359093, 95.89742708, 3391.53845974, 140, 22
129, 188, 1796.53845633, 1232.56409618, 1196.15383970, 7825.76923835, 6480.76923550, 4900.89743729, 4893.58974498, 2031.66666195, 4071.41025607, 1002.94871107, 814.48717219, 3414.23076750, 5079.35897610, 4418.97435933, 177, 144
236, 166, 7107.69231374, 6185.76923487, 1585.51281489, 1920.38461045, 6956.92308262, 2512.94871427, 7735.76923814, 1284.74358349, 2457.17948336, 4925.64102710, 4865.89743722, 6580.64103058, 6243.07692732, 7878.97436669, 0, 132
59, 41, 6339.10256855, 8008.71795671, 5761.41025961, 1650.12819964, 838.58973637, 159.87178619, 4851.41025766, 4586.66666737, 2200.89743159, 5904.23077271, 6695.64103086, 819.23076194, 3685.64102446, 5596.41025926, 81, 64
211, 79, 3176.66666438, 8365.51282920, 7118.71795477, 7979.10257203, 4879.48718081, 5701.66666973, 4118.07692280, 6683.46154361, 6734.35897964, 5443.84615635, 5311.79487402, 5602.82051567, 1300.25640401, 6783.20513356, 200, 242
196, 164, 6066.02564485, 4732.82051387, 5051.92307859, 6863.20513377, 2041.66666201, 1031.53845473, 4173.84615371, 2734.87179168, 1663.33332785, 7117.05128810, 4575.12820583, 6735.51282580, 7560.76923779, 959.74358280, 203, 85
21, 119, 1768.84614857, 3971.53846099, 6809.87180030, 169.10255549, 4377.69230797, 793.97435168, 8201.92308527, 4190.76923063, 1498.46153263, 7313.84616031, 796.02563373, 2409.10256022, 2677.30768898, 3491.41025482, 76, 94
122, 108, 5302.43589966, 5519.87179759, 1875.38461039, 4666.15384706, 6678.84615899, 6899.87180050, 2796.02563797, 7670.12821236, 4471.66666716, 3145.89743354, 4850.00000125, 285.25640185, 1752.56409729, 7838.07693065, 78, 113
44, 142, 4044.48717907, 3178.46153617, 6417.30769690, 1345.38460920, 1557.56409687, 4897.05128344, 7892.69231541, 6672.56410771, 2378.84614989, 1510.38460962, 4870.38461671, 4349.10256431, 4375.00000028, 8176.41026475, 242, 208
167, 29, 5179.23077118, 5392.17948962, 5559.35897714, 7959.35898221, 4992.17948878, 7281.28205768, 5832.56410590, 5304.61538684, 1156.66666014, 4869.61538594, 1461.02563512, 158.97435029, 7808.33334084, 7231.66667299, 28, 40
79, 14, 5190.51282253, 2162.56409812, 7696.53846884, 581.79486402, 3492.94871635, 7670.25641749, 7753.20513564, 6163.97436301, 3225.12820298, 5518.33333605, 7356.28205789, 2408.33332945, 1492.69230186, 1187.94871149, 195, 148
136, 54, 3014.87179224, 4329.23076937, 1799.35896915, 7367.56410917, 5162.43589939, 446.41024835, 7759.35898180, 4454.74359016, 2212.17948288, 6095.38461928, 4343.07692329, 7254.87180127, 4299.74358989, 1255.12819881, 217, 245
228, 67, 6390.51282503, 124.61537586, 4879.74359107, 3036.15384359, 6599.87179988, 6742.17949246, 6266.79487604, 8124.10257231, 6620.76923578, 7494.74359663, 5245.00000209, 5214.23077125, 1047.56409576, 7573.46154548, 65, 115
240, 11, 6459.87179953, 7568.07693010, 2813.07692002, 2594.48717602, 4552.69230832, 2870.64102273, 6982.30769808, 299.35896602, 6405.00000459, 1791.15384095, 8258.97436746, 6514.87179967, 543.97435113, 524.87178695, 42, 123
48, 91, 304.61537628, 21.02563207, 688.20512063, 2658.20512480, 1263.58973727, 266.02563262, 1554.48717379, 7402.17949385, 856.28204413, 28.46152950, 3999.87179432, 7063.71795470, 162.05127337, 6146.66667070, 120, 71
28, 235, 7876.79487944, 7277.05128845, 4891.02564242, 2959.61538191, 5743.33333646, 2539.99999639, 3372.56410069, 7346.02564756, 5194.61538663, 7235.76923710, 3478.97435738, 4780.12820624, 3499.35897276, 3323.71794678, 85, 12
224, 119, 7804.23077674, 5595.64102849, 3075.51281802, 4317.17948732, 112.43588868, 5921.79487534, 2183.97435460, 6060.76923459, 482.17947919, 7786.66667418, 4010.25640977, 5211.53846356, 6362.30769676, 3364.48717761, 47, 120
20, 17, 595.25640255, 5654.87179786, 2214.10255980, 8216.28205969, 53.84614496, 3489.74358815, 1488.71794288, 1222.30768592, 5891.02564450, 6681.15385130, 6225.25641443, 6922.30769794, 7037.43590335, 676.02563346, 107, 136
7, 163, 6630.25641533, 8251.79488028, 5713.84615698, 7296.41026288, 6901.92308256, 4160.51282031, 3935.25640957, 7473.33334015, 540.89742805, 2374.74358579, 6998.97436482, 5020.89743750, 550.89742805, 4149.48717928, 189, 232
202, 38, 4202.30769224, 7262.94872435, 8239.23077771, 7306.41026288, 7938.71795650, 1770.76922549, 1667.43589195, 2642.05127865, 6812.69231312, 2922.30768953, 6272.43590175, 776.15383879, 5747.82051602, 7179.74359593, 68, 124
50, 66, 4996.02564263, 5664.74359274, 515.38460747, 4796.53846272, 3955.38461476, 354.48717122, 1140.89742930, 6865.89744146, 4265.76923077, 231.53845306, 6601.28205629, 6502.82051762, 700.64101814, 479.87178688, 253, 150
26, 180, 1177.56409604, 1041.79486499, 3776.53846057, 6516.15385095, 1088.71794205, 261.92306845, 1949.23076437, 3197.30769009, 5086.41025815, 310.76922243, 3877.69230693, 7029.87180078, 1452.05127615, 7165.25641644, 225, 254
113, 151, 2179.74358537, 7157.94872414, 4122.17948691, 2652.43589403, 7449.74359649, 7073.20513418, 8400.38462414, 5307.43589966, 7768.33334077, 8282.82052137, 941.53845452, 1554.10255841, 3226.41025426, 8047.94872601, 169, 211
216, 79, 1753.97435370, 6027.17949094, 5446.41025892, 2257.69230346, 7872.17949483, 1586.53845591, 539.99999215, 940.51281350, 643.33332569, 2265.89743173, 1682.82050740, 8040.51282851, 6002.56410625, 7697.56410986, 59, 152
207, 247, 3807.43589654, 2493.71794497, 207.43588889, 3178.97435669, 6447.94872261, 3912.56410187, 8365.51282920, 2776.15384303, 5883.97436245, 5638.84615677, 7173.07692927, 5182.82051477, 5595.38461824, 381.02563283, 95, 11
186, 247, 1796.28204607, 710.38460788, 1304.35896811, 3758.33333229, 7902.94872567, 7908.58975131, 5964.87179849, 3709.87179376, 4508.58974415, 5577.94872073, 350.76922250, 6852.69231319, 438.46153040, 3696.28205010, 131, 107
138, 154, 8287.05129060, 1003.07691620, 8177.05129039, 7229.48718581, 6685.00000515, 2070.51281593, 4280.38461546, 7957.30770016, 7577.56410959, 610.12819742, 1586.41025079, 1071.02563429, 1673.71794323, 3682.17948600, 216, 49
115, 22, 4890.38461678, 6261.66667091, 8114.10257231, 1834.61537948, 7525.38462234, 1674.74358433, 7550.25641728, 2688.71794539, 2663.71794539, 5186.92307894, 3202.56410034, 2376.53845758, 6283.33333765, 5367.82051519, 230, 117
209, 33, 5794.74359301, 2121.28204677, 895.76922369, 7217.69231395, 2255.12820089, 3328.33333139, 7688.97436627, 5901.15384963, 2370.76922681, 7100.89744195, 5196.66666869, 2514.61538094, 3695.38461421, 3713.84615274, 210, 182
191, 166, 977.69230075, 2871.53845862, 3642.30769099, 4354.10256431, 3704.35897318, 5517.17948989, 4466.53846203, 895.25640317, 3387.17948538, 8000.89744382, 3661.92307568, 7025.76923668, 7917.43590522, 478.97435099, 179, 162
212, 244, 8076.41026454, 7494.87180175, 1837.17948204, 3942.17948656, 4057.82051241, 7883.71795643, 7361.53846814, 7401.92308360, 5908.71795227, 5900.51282399, 1272.30768599, 7981.28205921, 92.17947836, 978.33332639, 224, 103
77, 13, 7351.53846807, 3532.82051130, 3703.97435780, 2995.76922813, 5866.79487520, 4861.15384748, 8008.07693100, 2195.38461101, 5168.07692503, 7033.33333924, 2983.07692037, 1882.30768731, 3264.87179279, 3879.87179411, 182, 25
77, 150, 2904.48717664, 421.66665854, 5219.10256619, 1560.12819943, 6803.97436440, 4608.71794949, 6455.89744056, 6067.56410639, 6145.64102968, 4704.35897534, 3611.28204997, 2830.25640727, 510.12819721, 5203.46154048, 19, 135
34, 128, 840.64101842, 6802.69231312, 5111.15384796, 1656.28204580, 2279.61538045, 1517.56409680, 1740.76922549, 7921.66667445, 552.56409472, 2282.05127789, 2600.64102217, 5731.15384928, 4578.58974429, 5400.00000244, 131, 105
9, 87, 401.92306880, 863.97435182, 7774.61539205, 8020.64103364, 5280.64102780, 3556.66666521, 4553.97435960, 647.17947954, 288.33332493, 6449.74359440, 1924.87178994, 6779.61538997, 50.76922188, 588.97435120, 54, 191
204, 206, 4126.92307665, 494.61537670, 102.69229894, 638.97435133, 2726.28204809, 1852.43589237, 3026.79486923, 367.82050462, 5723.33333646, 1199.35896790, 60.25640137, 7970.89744375, 7891.79487951, 7372.69231430, 52, 92
16, 207, 7136.53846766, 4992.17948878, 1597.82050720, 2109.23076472, 6954.87180057, 4446.28205170, 6272.69231200, 5695.51282357, 365.76922257, 7823.71795630, 612.94871024, 2504.74358606, 5901.02564450, 6523.97436377, 69, 118
237, 73, 1948.20512334, 5766.92308012, 3385.12820333, 5040.00000167, 6641.79487687, 1688.58973817, 7842.17949476, 3604.87179349, 1182.69230123, 460.51281253, 7231.28205761, 6483.84615858, 449.35896630, 4590.12820583, 217, 41
76, 175, 1380.89742986, 4232.30769224, 8161.79488007, 2299.74358565, 6845.51282601, 2054.99999535, 6680.76923592, 7391.92308360, 7453.07692989, 3973.20512765, 5440.25641276, 5012.05128365, 1991.15384136, 2547.05127844, 122, 65
172, 24, 2626.28204788, 621.79486409, 7671.92308415, 783.46153110, 3041.02563846, 24.99999104, 1114.10255744, 2319.74358565, 6525.51282531, 1537.56409680, 140.25640157, 4887.17948850, 4930.38461685, 5700.38461845, 246, 239
145, 202, 5831.28205462, 615.38460768, 2937.05127928, 2491.53845779, 4643.46153930, 2575.89743236, 2612.69230422, 3999.99999945, 5163.07692503, 1490.89743006, 6544.10256897, 360.76922250, 1705.76922535, 2073.84614926, 99, 212
227, 196, 6433.07692774, 6365.00000445, 6517.43590223, 4099.61538427, 398.46153034, 342.69229943, 4426.41025676, 5055.12820687, 3506.28204969, 1294.10255785, 7622.94872511, 2332.69230367, 4929.48718095, 5408.84615628, 215, 171
129, 206, 2331.92307290, 4391.53846182, 3980.38461483, 4596.02564179, 3662.56410132, 5870.00000341, 2248.58973935, 2805.51281746, 6062.94872177, 1459.99999410, 6921.28205691, 3851.92307609, 3727.56410146, 6402.69231228, 149, 88
128, 96, 7408.97436565, 4164.48717928, 652.69230005, 7324.10257064, 1206.28204482, 960.64101870, 2265.89743173, 7559.61539164, 5063.07692482, 8081.92308506, 1680.38460997, 1082.82050608, 5895.76923425, 441.15383810, 2, 178
25, 105, 6349.87179932, 8270.76923932, 1266.02563471, 4110.51282024, 2909.87179203, 3816.02564013, 5664.74359274, 2094.48717490, 636.15383851, 4172.17948704, 6611.41026142, 7333.20513474, 1990.25640547, 6543.84615871, 197, 238
230, 80, 6811.53846696, 8361.53847023, 731.41024898, 2495.89743222, 1106.02563436, 8095.00000813, 1227.43589105, 5041.53846321, 3968.84615322, 5825.12820847, 1063.58973685, 342.94870968, 8343.97436766, 7282.94872435, 57, 22
83, 103, 1940.64102078, 1260.12819881, 7581.66667376, 5573.71795150, 8067.30770037, 4749.48718053, 6182.94872205, 7431.15385290, 5151.02564291, 7030.89744181, 5073.07692482, 1118.97435238, 8199.61539296, 7119.74359579, 253, 208
15, 64, 4660.89743680, 7062.69231367, 7929.23077702, 3763.33333229, 1695.76922535, 2120.25640574, 2439.10256028, 6709.61538983, 2672.94871462, 2539.48717588, 3344.10256216, 2437.05127823, 1219.99999361, 6096.28205518, 53, 106
38, 86, 4226.66666660, 6865.89744146, 4580.51282121, 5032.30769398, 4579.74359044, 5365.76923314, 5928.33333688, 6164.87179891, 1592.82050720, 7790.38462289, 892.69230061, 4077.17948684, 1312.94871177, 1639.48717393, 53, 232
232, 82, 5365.64102801, 1768.33332806, 2598.33332986, 5720.76923390, 7883.46154618, 5533.07692579, 3684.74358857, 6278.46154277, 5922.05128560, 1903.07691808, 1269.74358342, 2125.25640574, 5607.69231055, 1093.71794205, 101, 253
148, 43, 2316.66666257, 4696.41025739, 5313.07692530, 280.25640185, 4442.43589786, 1824.99999486, 2656.02563762, 3961.28205066, 322.82050449, 2042.82050817, 5392.43589987, 6205.38461956, 2718.58974033, 7208.71795498, 25, 31
5, 38, 8127.82052102, 411.28204316, 6738.33333862, 771.02563366, 187.94870934, 3344.61538267, 38.71793983, 1081.15383942, 6493.46154319, 8200.25641860, 4107.43589716, 1775.51281531, 5771.41025961, 1310.64101939, 112, 166
40, 11, 7503.46154534, 6629.35897937, 6378.46154298, 5365.64102801, 1549.10255841, 1008.58973671, 348.46153020, 135.38460670, 7608.20513530, 8050.51282858, 6555.64103051, 1329.48717331, 4363.33333355, 7048.71795463, 23, 153
180, 0, 1928.20512328, 2652.30768891, 6078.58974748, 3150.76922848, 4921.02564242, 4812.56410375, 7125.89744202, 7896.66667438, 6738.58974887, 1983.84614906, 7217.56410882, 617.69229998, 1310.76922452, 7801.53846905, 47, 223
55, 175, 207.82050428, 3298.97435696, 8261.79488028, 4981.53846307, 3100.76922834, 6134.87179884, 128.33332458, 7807.43590494, 7676.66667390, 7210.51282677, 3025.89743333, 919.23076222, 3393.33333153, 2024.48717477, 155, 232
124, 133, 5220.89743799, 4114.61538434, 4848.33333459, 1048.84614704, 3160.38461310, 7964.74359760, 4280.64102571, 2643.71794532, 5447.56410507, 7933.07693086, 5323.97436127, 6346.41026086, 5073.07692482, 8244.48718797, 188, 2
24, 158, 5589.23077208, 7172.17949337, 7781.28205879, 3653.97435773, 3034.74358718, 4252.05128206, 1426.79486582, 1402.69230165, 3083.71794622, 1974.87179008, 1085.64101897, 4892.30769370, 1899.48717449, 8310.38462400, 85, 13
254, 95, 7000.64103148, 382.69229950, 3027.69230513, 6356.15385060, 2949.10256133, 7577.05128907, 7884.10257182, 1857.56409750, 4570.51282121, 417.56409444, 4239.48717949, 3584.99999861, 2129.87179036, 3768.71794768, 248, 17
108, 16, 6865.12821069, 1044.23076242, 1599.61537899, 7082.82051880, 3153.84615156, 4828.07692433, 4051.53846113, 546.41024856, 5695.51282357, 2405.76922688, 2391.92307297, 4503.84615441, 3129.74358738, 7536.92308388, 65, 80
233, 135, 1722.43589209, 1843.07691801, 599.99999229, 2802.05127900, 3393.20512640, 6005.00000369, 5903.46154194, 4293.97435905, 6414.48718408, 261.53845306, 7507.43590432, 6977.43590321, 7484.10257099, 7945.12821298, 255, 32
127, 138, 3697.43589626, 1873.97435398, 6787.69231305, 437.69229964, 891.15383907, 7192.82051908, 4289.74358982, 8279.35898291, 1325.38460920, 2987.05127941, 1014.87178800, 6146.92308096, 2676.28204795, 6171.92308103, 121, 185
83, 72, 3902.43589668, 7764.61539205, 3446.79487013, 67.05127323, 4187.05128192, 7046.02564694, 7391.28205796, 2653.71794532, 297.56409423, 5010.38461699, 5383.20513064, 2632.30768891, 4589.61538531, 1218.20512182, 136, 234
19, 82, 234.10255563, 1411.41025044, 1423.07691710, 2806.53845848, 5689.74359280, 3582.56410118, 5995.00000369, 2666.15384282, 3307.30769030, 78.84614503, 3986.79487124, 794.87178758, 7414.61539129, 1586.53845591, 25, 58
223, 216, 5758.07692628, 1523.07691731, 4916.79487319, 8179.23077757, 112.43588868, 2926.79486902, 703.07691558, 6703.71795393, 3660.89743465, 1519.23076347, 3681.28205010, 3736.02563992, 1750.25640498, 1622.05127650, 77, 150
141, 180, 3004.87179224, 3891.41025565, 4630.38461622, 5248.20513029, 780.51281315, 1943.46153360, 5117.69230950, 1606.53845591, 6301.02564534, 1410.12819909, 5156.28205323, 4909.74359114, 7900.25641797, 5722.17949031, 105, 184
41, 118, 2661.79486846, 2765.12820201, 740.89742847, 4666.41025732, 464.87178688, 982.94871100, 7602.30769940, 244.87178640, 3851.15384532, 6719.10256932, 4034.48717900, 4654.74359058, 1289.99999375, 6285.51282482, 137, 153
251, 54, 1978.33332854, 187.82050421, 3373.84615197, 5665.25641325, 5171.02564298, 2133.84614940, 5622.05128497, 8172.05129032, 2013.84614912, 3832.69230679, 4480.12820562, 1986.41025162, 5340.12820743, 6708.58974881, 126, 191
59, 212, 7009.35898020, 7290.89744236, 4882.69230902, 6281.53846585, 5661.02564402, 780.25640289, 3566.53846008, 2547.30768870, 7914.48718727, 7200.00000626, 1884.74358474, 2344.87179085, 3592.05128067, 3986.41025586, 41, 138
102, 179, 4998.71795032, 804.48717219, 7526.15385311, 179.61537600, 4360.38461560, 3633.84615253, 2104.35896985, 4442.43589786, 6970.25641603, 1298.97435272, 2071.66666208, 7790.25641776, 1970.89743111, 1539.61537885, 193, 243
248, 194, 3234.87179272, 3772.05128101, 3781.53846057, 4363.71794893, 1789.35896915, 6939.87180057, 2511.92307324, 4803.20512939, 130.12819638, 7898.71795643, 5366.79487416, 5265.89743806, 2601.66666320, 6058.07692690, 210, 170
95, 15, 5102.82051463, 1718.20512286, 1074.10255737, 284.23076083, 2749.23076604, 296.15383782, 5035.00000167, 123.71793997, 7470.38462220, 5758.84615705, 818.84614655, 139.61537593, 6826.15385158, 2914.87179203, 77, 145
101, 209, 5569.35897714, 4920.64102703, 3338.33333139, 6480.51282524, 6902.82051845, 4338.07692329, 6829.74359524, 1665.51281503, 4348.46153867, 6205.00000417, 5281.02564318, 1157.05127552, 217.69229915, 6126.02564499, 169, 18
239, 243, 345.89742763, 5446.15384866, 6047.43590126, 3024.61538205, 2642.30768891, 3276.53845946, 2694.48717623, 7258.84616024, 703.20512070, 4023.20512772, 1533.46153270, 7082.56410854, 4966.02564256, 316.79486346, 121, 167
57, 232, 4104.23076896, 2680.76922744, 5206.15384817, 6948.07692878, 3566.41025495, 3669.35897311, 1883.20512321, 3776.02564006, 1454.74358384, 6325.25641464, 4991.92307853, 6130.00000396, 4718.07692405, 6156.02564506, 241, 164
30, 62, 3921.53846085, 2175.64102127, 1048.07691627, 4547.30769294, 4317.82051296, 7575.12821215, 7363.97436558, 3498.97435738, 7379.23077584, 5263.58974575, 7319.61539115, 3873.46153770, 2915.89743305, 6350.89744035, 81, 136
229, 7, 5175.00000195, 2041.79486714, 4061.02564061, 6618.07692808, 7870.38462303, 5289.74359197, 3399.74358794, 5143.71795060, 1319.99999382, 2244.10255987, 6619.74359475, 4709.61538559, 1987.69230290, 6010.51282427, 208, 122
47, 101, 3441.41025468, 6763.97436433, 4336.28205149, 1828.58973845, 1880.12820013, 8223.97436739, 989.61537774, 3233.33333118, 1999.10255931, 7266.02564742, 5530.38461810, 2927.30768953, 731.15383872, 4234.87179488, 140, 133
86, 56, 7382.82051943, 7402.43590411, 8303.33334188, 6893.58974922, 3412.30769050, 4033.07692259, 119.35896561, 2944.10256133, 5714.23077236, 1895.12820013, 1604.48717386, 7224.74359607, 6240.12820937, 2696.66666340, 178, 125
92, 12, 512.43588952, 4971.02564256, 3735.76922966, 498.58973567, 3424.35897263, 6661.53846661, 1030.38460858, 2690.25640692, 2385.25640630, 4554.87179550, 6945.51282621, 1637.05127650, 8082.82052095, 882.30768515, 112, 145
218, 118, 43.07691419, 1884.48717449, 8306.79488042, 2780.76922765, 7447.17949392, 5209.87179689, 6783.33333869, 3416.92307519, 5039.61538629, 4559.23076986, 7883.07693079, 2592.94871448, 6289.35897867, 2155.89743145, 215, 229
123, 27, 693.84614635, 1351.66666056, 6327.56410695, 3204.35897214, 4661.79487270, 4425.38461574, 7961.15385401, 393.71794052, 6111.53846550, 6566.02564596, 4511.28205184, 7392.05128873, 6183.58974769, 806.92306963, 63, 99
17, 238, 797.56409527, 2443.58973977, 5948.07692669, 267.94870954, 4347.43589765, 1262.56409624, 1304.74358349, 1350.51281440, 677.94871038, 1872.94871295, 1116.66666007, 3824.61538372, 7013.97436482, 5292.56410479, 224, 127
203, 68, 5500.12820777, 8197.43590578, 5372.69231006, 2318.58973949, 1020.12819832, 2573.20512467, 6719.10256932, 3351.02563915, 1269.87178855, 664.35896679, 5784.61538789, 3651.02563978, 8017.17949517, 5445.76923327, 102, 75
202, 114, 2854.74358676, 460.76922278, 3099.10256167, 2114.35896985, 5163.07692503, 2190.51281614, 6862.56410813, 465.89742791, 7539.23077618, 1504.23076340, 6370.76923529, 1077.82050608, 7272.30769870, 397.69229957, 132, 81
129, 247, 5566.53846432, 1901.02563603, 6872.82051838, 7612.05128914, 2372.43589348, 1363.46153235, 4833.46153972, 3518.07692155, 2725.76922758, 4207.17948711, 5366.92307929, 1483.58973776, 8360.38462407, 509.35896644, 181, 106
139, 58, 5827.30769565, 6745.38462067, 4209.74358968, 7234.10257043, 8227.30770072, 755.12819777, 4628.71794956, 6112.56410653, 4111.66666639, 4083.07692273, 752.30768488, 7726.28205865, 6961.28205705, 7225.64103197, 230, 185
13, 134, 970.38460844, 7783.20513571, 7555.76923779, 3526.92307540, 3184.35897214, 7189.61539087, 6592.94872289, 732.30768488, 783.46153110, 145.76922209, 2897.30768946, 507.82050490, 5424.87179738, 6583.46154340, 109, 55
92, 60, 2163.20512376, 4129.61538434, 2861.28204837, 783.58973623, 2263.46153423, 5259.23077139, 610.38460768, 4624.35897513, 4707.30769328, 7546.79487875, 7971.92308478, 3884.99999924, 7642.82051998, 5506.79487444, 241, 177
10, 106, 3721.53846043, 1678.07691766, 6901.15385179, 4935.12820659, 633.84614621, 1173.46153193, 2206.28204698, 7443.33334008, 7053.46154437, 3882.43589668, 1890.38461039, 5110.00000181, 820.76922355, 5336.53846384, 39, 16
172, 154, 76.28204246, 6573.20513314, 1164.99999347, 1270.76922445, 8062.17949524, 5190.25641228, 5400.51282295, 6884.48718505, 3521.66666514, 993.33332646, 3200.38461316, 2861.79486888, 4221.66666660, 1129.99999340, 249, 108
50, 135, 2861.41025350, 2165.76922633, 333.58973532, 3240.25640811, 995.25640338, 357.82050456, 2384.35897040, 3055.12820263, 6421.28205587, 2868.58974068, 4881.28205261, 2197.05127768, 7093.71795477, 778.97435161, 233, 147
34, 157, 5166.15384810, 5270.89743806, 5270.38461754, 3311.15384414, 7953.07693093, 5264.35897652, 8114.35898256, 851.28204406, 5716.79487493, 1746.79486652, 2048.46153381, 8135.76923897, 3771.79487076, 8115.76923897, 224, 55
47, 60, 3916.79487110, 4230.76923070, 8040.64103364, 1175.12819860, 8026.92308492, 1603.20512258, 1733.33332799, 5450.76923334, 3810.25640936, 3462.69230603, 3083.20512571, 6070.89743972, 2154.10255966, 1113.20512154, 248, 68
58, 120, 1857.94871288, 6340.12820958, 878.84614669, 259.61537614, 5552.56410535, 7400.64103232, 8334.48718811, 3235.76922862, 6404.61538921, 8175.51282886, 3019.87179230, 7015.12821097, 6261.15385040, 609.10255639, 125, 130
230, 82, 8269.23077771, 3621.02563971, 5312.82051505, 1754.23076395, 6334.74359419, 7040.76923668, 1454.74358384, 1122.30768571, 293.07691467, 2477.94871420, 4441.02564145, 4250.64102564, 6866.15385172, 5746.41025961, 59, 213
135, 132, 7621.66667383, 1691.02563561, 950.76922375, 478.71794073, 4866.79487312, 6324.35897874, 1325.12819895, 7441.53846828, 6484.48718422, 798.07691578, 6328.97436336, 6169.48718352, 170.38460677, 4350.12820534, 215, 33
169, 131, 2034.99999535, 7971.15385401, 2936.02563825, 6192.82051692, 7966.66667452, 8317.17949580, 755.76922341, 603.33332562, 3742.30769127, 8034.61539261, 5363.20513057, 4633.07692391, 5540.12820784, 6494.48718422, 204, 106
93, 60, 3562.30769085, 865.25640310, 3936.53846085, 6337.05128650, 406.15383803, 385.76922257, 5532.94872066, 6326.92308130, 4808.58974477, 6327.17949156, 45.64101675, 762.94871059, 3369.23076736, 3737.94871684, 169, 77
125, 158, 1939.61537976, 7638.07693024, 5051.79487347, 8244.74359822, 4134.61538434, 2997.56409993, 5673.33333633, 4139.35897415, 4393.07692336, 2042.43589278, 4489.61538511, 7327.94872448, 864.74358259, 4305.64102578, 241, 122
22, 75, 1154.87178834, 4487.17948767, 8286.53847009, 1499.61537878, 637.05127441, 533.33332549, 5073.07692482, 7395.12821180, 6862.30769787, 1639.23076368, 3130.64102328, 178.20511959, 3838.58974269, 8114.10257231, 35, 0
242, 176, 1887.82050782, 6392.17949170, 432.05127399, 6562.17949205, 2669.23076590, 2728.07691988, 6653.46154354, 7463.20513502, 7512.43590432, 6882.30769787, 5867.17949059, 3422.82051109, 514.99999208, 7411.66667334, 215, 135
209, 142, 5538.97436169, 1098.58973692, 34.74358085, 318.58973526, 7607.56410966, 935.51281350, 4902.69230909, 1990.25640547, 286.02563262, 7273.58974999, 2728.46153527, 4249.10256411, 2427.56409868, 4764.10256522, 113, 219
63, 32, 3668.58974234, 3917.05128136, 3662.69230645, 1141.79486520, 7586.79487889, 2133.07691856, 4544.35897499, 694.99999250, 7234.61539094, 4151.28205108, 6957.05128775, 5242.94872004, 1878.07691808, 1605.89743027, 42, 172
117, 240, 1604.61537899, 4016.66666618, 1574.10255841, 821.66665944, 4461.02564145, 7851.92308457, 2130.64102113, 2242.05127782, 259.35896589, 8104.48718762, 3279.23076715, 1919.48717456, 1255.76922445, 3967.05128143, 138, 157
116, 22, 8099.87180301, 3160.89743361, 1389.99999396, 4575.12820583, 7348.33333987, 4351.92307714, 4734.74359079, 1222.94871156, 2026.92307220, 5766.28205448, 4178.84615371, 2088.20512362, 6220.89744007, 4306.53846168, 178, 247
92, 158, 5454.23077181, 5598.71795157, 6805.38462081, 164.74358113, 5562.94872073, 4663.58974450, 3702.43589626, 4918.20512960, 3186.66666445, 2732.43589424, 2978.33333063, 6543.97436384, 3484.10256251, 8395.89744466, 213, 170
208, 210, 8365.64103433, 4795.12820631, 5302.94872018, 118.20511945, 6151.79487583, 8139.35898256, 1834.10255896, 1917.94871302, 4307.05128219, 6175.89744000, 2118.84614933, 6001.28205497, 6871.92308249, 1508.71794288, 78, 20
203, 109, 2993.07692044, 4035.89743541, 2678.97435564, 331.41024815, 6622.05128706, 2022.94871323, 5256.28205344, 3300.89743389, 5784.87179814, 3131.41025405, 6917.43590307, 4884.74359107, 1377.56409645, 1721.79486645, 253, 101
206, 158, 7826.15385373, 7759.23077667, 6938.20513391, 4260.38461539, 7825.76923835, 5928.84615739, 1667.30768682, 6948.97436468, 5646.53846453, 5299.61538684, 6362.05128650, 2223.20512390, 365.38460719, 7119.74359579, 13, 233
228, 112, 7572.30769933, 1446.28204538, 4121.41025614, 7513.71795560, 7691.28205858, 6514.48718429, 4119.61538434, 1762.05127677, 6661.15385123, 1527.17948142, 888.46153138, 2462.17948343, 1310.89742965, 6618.07692808, 87, 8
64, 66, 7491.53846842, 7496.15385304, 2043.07691843, 6724.61538983, 7705.00000730, 3999.48717894, 1473.20512230, 3857.94871712, 7864.74359739, 925.76922375, 3436.66666493, 7611.28205837, 2171.92307255, 1375.12819902, 99, 196
213, 119, 2096.02563644, 1855.89743083, 628.33332569, 3072.05127955, 4965.38461692, 517.30768439, 5038.33333500, 5643.58974651, 4858.97436030, 4644.35897520, 4240.38461539, 637.05127441, 452.30768425, 6971.79487757, 54, 8
251, 122, 7059.74359572, 6777.82051817, 7471.02564784, 4913.33333473, 8180.25641860, 3042.69230513, 1240.76922438, 2984.87179217, 4845.38461664, 5993.97436266, 1587.30768668, 5437.94872045, 5936.02564457, 1129.99999340, 221, 122
79, 104, 738.58973616, 1687.43589202, 4129.10256383, 7412.82051950, 5830.51282385, 5733.97436211, 8351.92308561, 6736.15385144, 1704.74358433, 3247.05127990, 5691.66666973, 8034.87180287, 5682.94872101, 446.66665861, 228, 14
242, 201, 2014.74358502, 1956.92307206, 4899.23077062, 379.61537642, 5617.94872087, 2415.38461150, 4202.05128199, 6461.02564569, 4653.84615468, 2970.12820242, 8123.58975179, 4652.43589827, 1583.07691745, 1599.74358412, 